{"s_Acc": 0.17513389993846706, "s_IoU": 0.14159244424906778, "s_mIoU": 0.43941027402573035}