{"s_Acc": 0.37149279320472056, "s_IoU": 0.2799721210365593, "s_mIoU": 0.5157220222015063}