{"s_Acc": 0.450300140136133, "s_IoU": 0.35156463877877026, "s_mIoU": 0.5654964777130292}