{"s_Acc": 0.15352318885659688, "s_IoU": 0.10783257777596683, "s_mIoU": 0.3975730839254381}