{"Vegas": {"mean": [0.26245975494384766, 0.30161890387535095, 0.33745619654655457], "std": [0.14987073838710785, 0.14441907405853271, 0.14035776257514954]}, "Shanghai": {"mean": [0.2977186441421509, 0.37298357486724854, 0.40647199749946594], "std": [0.12065733969211578, 0.12391401082277298, 0.12640821933746338]}, "Paris": {"mean": [0.15779291093349457, 0.2338208705186844, 0.3109550178050995], "std": [0.08422917872667313, 0.09217982739210129, 0.10308907181024551]}, "Khartoum": {"mean": [0.38599491119384766, 0.42674997448921204, 0.44933021068573], "std": [0.15501011908054352, 0.1634478121995926, 0.16635631024837494]}}